Mission,Value Stream,Master Tag
Resilient Earth,Agriculture,Precision Agriculture
Resilient Earth,Climate & Sustainability,CleanTech
Resilient Earth,Earth Observation,Geospatial Technology
Resilient Earth,Geospatial Intelligence,Smart Energy
Resilient Earth,Extractive Industries,Environmental Consultancy
Resilient Earth,Health & Wellbeing,Insurance
Resilient Earth,Health & Wellbeing,InsurTech
Beyond Earth,Access to Space,Space Infrastructure
Beyond Earth,Emerging Technologies,Satellite Hardware
Beyond Earth,Emerging Technologies,Robotics
Beyond Earth,Emerging Technologies,Embedded Systems
Beyond Earth,Emerging Technologies,Advanced Manufacturing
Beyond Earth,Emerging Technologies,Parts and Components
ACE,Artificial Intelligence,Big Data
ACE,Artificial Intelligence,Cloud Computing
ACE,Intelligent Transport,Internet of Things
ACE,Ubiquitous Connectivity,Telecommunication Infrastructure
ACE,Ubiquitous Connectivity,Software-as-a-Service (SaaS)
